Ca,Tr,Ca0,Q
1,300,3.419154033,61.20125307
1.198906958,310.2668941,0.500800624,-54.90762311
1.132610113,301.652314,1.527291236,-113.2392883
1.146200715,283.7790924,1.80382148,-42.89980148
1.173853048,278.6416399,3.27737232,10.78242697
1.337802632,280.628685,3.434361601,51.44986534
1.531478043,289.6399464,1.931165748,105.0326296
1.389378909,306.4596608,0.691713152,47.35208995
1.507172063,313.3653439,3.421133617,16.30273143
1.631189432,314.9147422,1.48270857,-83.86070419
1.463295311,301.4634796,6.105211981,130.0726703
1.733310408,322.3612866,2.693969247,53.42295307
1.828633622,328.9637207,6.634724066,109.6129709
2.122050611,345.0655271,1.09530948,-128.0403482
1.970221599,323.005796,1.688812937,105.0395927
2.02863726,338.9994756,1.188427837,-21.91455036
2.025599739,333.7643939,7.205226711,9.212579896
2.129742216,333.2019776,5.343139798,-51.24566215
2.402795967,323.7120878,5.305506494,92.95158296
2.440871595,338.0305769,0.628017941,69.48453749
2.382012698,347.3872294,7.422027622,68.93490951
2.693687937,356.2078745,2.463107944,80.35537544
2.66653475,366.5349222,1.222582046,-14.47402166
2.61183675,363.4006032,6.860168522,-57.32940782
2.800764572,353.3284442,2.51442737,-102.7698493
2.665620707,334.8877413,0.635568705,49.6765409
2.559335615,340.6585817,1.981396812,-65.12593316
2.452998329,330.8292101,3.941012115,-124.0659696
2.678421415,310.099688,4.518823238,-98.13095927
2.758944995,294.2904462,4.625138758,55.48843778
2.825142018,303.6001613,1.216341002,-23.87333863
2.732185289,300.3081755,5.360801104,-23.83909371
2.893538732,296.2856724,0.849674213,9.971224663
2.799567473,299.0607673,5.146562517,4.135864792
2.95458216,299.127141,7.112163292,24.04306873
3.069767763,303.3573066,6.823813407,-100.7014791
3.214756926,288.1341595,1.474934431,85.38647592
3.227739864,300.24998,3.283737859,-92.9571749
3.251654325,287.4725299,6.992560063,-42.28726456
3.362672777,280.3438467,5.755684722,62.77722318
3.540109583,292.8157174,6.683142638,34.3533936
3.65423636,297.0180731,5.756597038,-41.97268614
3.820493607,291.6782414,2.389495242,109.9684027
3.620208174,309.5817461,3.496638329,129.1222456
3.605069479,327.5020429,5.144090485,33.80436943
3.853387739,333.5396112,1.303221811,124.8581374
3.697682337,352.2820264,3.649384934,21.77489463
3.630257923,354.2362371,3.356957619,-73.04806689
3.640314696,341.3168966,6.823656644,20.46652571
3.613032877,345.2267692,0.520092289,32.54025639
3.537608216,348.0887241,2.786514312,7.516140117
3.467209779,348.3404014,6.701594695,-39.64729206
3.695463422,341.2551926,6.859746056,34.26670157
3.747731285,346.7654051,0.6107487,119.28813
3.479073767,364.7449946,5.336278423,138.1452473
3.602172202,388.5120365,1.706383558,-100.7956332
3.329266188,373.9411755,7.028168241,54.6717159
3.426311005,384.1060417,0.962001209,70.96196473
3.170183236,400.0116881,5.777133319,117.5068248
2.964655741,428.952999,5.48067331,-104.3691856
2.491486346,431.4681563,0.639160937,-131.6080697
2.225790746,421.0071631,0.698145416,-70.49693131
1.863186519,411.4698087,6.520195641,10.78640762
2.041602064,415.9575155,4.369753851,95.00858881
1.968786365,433.1939697,1.369213206,-61.33787185
1.718150531,428.9990268,4.6003149,130.4432739
1.523242857,453.5029944,4.427211535,-133.709097
1.558330792,437.8046508,6.104428709,-74.17381876
1.607628993,428.717244,6.149736369,-31.14982359
1.611007653,424.3541454,6.544792982,68.64490625
1.690825222,437.1449808,4.393681638,-100.9846676
1.783879344,424.4464092,0.919423827,-105.1823818
1.635665167,407.3132557,0.81186315,-109.0294173
1.388845563,388.2417265,2.07996537,59.16361039
1.530088409,395.2427157,4.418018874,-135.4011275
1.522105756,370.0178253,1.003819958,129.7989909
1.601039799,388.3413133,4.476703233,-82.41855252
1.617832954,373.0713744,2.266280212,67.72940933
1.604328423,380.0949953,1.868006368,22.59970383
1.64282713,381.2750591,7.290139924,96.34134145
1.870315328,393.5932834,2.178934314,-1.730635064
1.820445309,392.36149,4.839690029,91.38359052
1.974683815,405.2780957,1.597539763,-133.7288434
1.901839921,383.5017689,0.990155006,-3.793025043
1.735408418,379.8912238,4.744306232,19.12540072
1.909307272,380.8974928,2.721536865,135.7267204
1.81302727,400.4966571,4.558216535,-33.29412138
1.909256508,393.5902312,4.356637534,68.14845848
2.086767587,404.9612267,5.184630254,-65.3001281
2.170740856,392.8437017,0.964343841,-36.08772569
2.002545099,386.6348882,4.908022549,-80.50722591
2.172691257,372.6409197,5.769288876,-120.4065426
2.172718771,351.2111628,2.32220569,84.65405226
2.172912866,362.9786628,1.854039978,38.73913668
2.228926789,366.3591665,4.172692164,118.0022234
2.299099986,384.0440325,2.343077393,-120.5663733
2.303518978,361.7321408,5.645461743,75.60501425
2.44243933,372.8263531,6.854710968,119.992251
2.507869763,391.0445499,0.597661011,-73.78831531
2.352287224,377.9841463,4.817448499,124.7267657
2.477974332,398.2578833,7.151232835,15.73699798
1,325,3.551964315,-131.6871684
1.226790636,305.6313668,4.347637345,-17.96600349
1.287938637,301.8954162,3.442574615,-47.12922016
1.399227178,294.898505,1.932540438,33.13082664
1.430729621,299.0475084,2.597582716,-64.77020654
1.59645352,289.6894617,4.847936829,8.095026836
1.675451853,291.3488924,1.442059617,3.771700653
1.824472113,293.9095642,1.79107906,79.25976962
1.78058031,305.8450067,6.477827048,-1.600878633
2.035160744,305.0989031,6.425930398,-116.7651546
2.213623936,286.7181379,4.036722631,-120.7537584
2.230290398,268.8829804,3.496856293,-112.0747546
2.321192012,254.9141834,1.390119802,26.87369909
2.208792778,260.5869826,2.082084004,-109.1817631
2.388356462,245.2278525,2.042143449,-41.71492417
2.300642813,242.5834808,3.774512392,-82.84911044
2.342661873,232.7426454,4.982847077,-4.702823834
2.485114213,235.8721947,4.03665704,-31.41871054
2.592076574,233.5748365,6.055462181,22.2233848
2.740943073,239.9762802,1.63609019,55.76454519
2.768908019,251.0163819,7.251857561,0.002322547
2.838668761,254.1335229,6.726640448,-43.99621111
3.06845333,248.9184292,4.470008893,-20.12612292
3.132402882,249.0885476,3.557230841,76.82200198
3.283281594,262.4824746,4.249229214,126.0395176
3.286652651,284.0437835,4.309457121,-116.0847531
3.361119258,266.8985116,3.064396812,97.45848113
3.292238166,283.7598964,3.343925301,-131.3326866
3.413157572,265.7951111,2.230240673,-120.2376844
3.266857461,249.1333981,7.45696408,130.7167642
3.509137778,269.923827,6.101808458,28.28253599
3.70287607,276.6128074,5.854719023,-91.88182774
3.643472855,263.3160547,2.551162623,6.685243674
3.62371667,267.1440646,2.996369968,-126.2002975
3.559892521,248.8710051,7.382074118,-16.29030148
3.878507756,249.1666066,4.028003076,-49.01630461
3.798924963,244.0491915,2.318213269,-31.41947881
3.729519249,241.4491697,6.324118297,65.76307645
3.861738313,255.6047149,3.154473969,-135.2729729
3.932609897,236.7882533,6.081834573,-64.05867246
3.97917318,230.9126289,4.57879422,-131.7914156
3.987914345,213.1094523,5.135414135,-31.24349531
4.157470393,212.9604978,3.979516591,-23.63726929
4.147524299,213.1842564,2.956103309,14.16053039
4.073101931,220.9873211,7.310374829,-107.562171
4.174764714,207.9349913,2.692809699,-127.2784241
4.12482235,193.2857274,5.66879831,43.75344452
4.236044338,204.3166103,2.002450225,-23.12404624
4.094594065,205.1013303,5.006893539,44.85592768
4.241656903,216.6271039,1.693339934,106.0145184
4.007412845,236.910284,5.946057119,-101.6793948
4.054312379,225.9222061,6.582416385,69.10497172
4.233865484,238.9714599,6.090099579,12.04034279
4.360477957,244.6144464,2.045865405,116.2385222
4.209380914,265.0347739,4.644592044,-42.71169523
4.249936848,259.0981726,2.346449705,114.9765306
4.089175555,279.8626802,3.438148229,11.1643108
4.237986833,282.4327399,4.759095105,90.62495959
4.280205824,296.8323483,4.864942292,-89.80218452
4.249541925,284.2093953,4.638801469,-2.981620518
4.324243402,283.1414345,4.335354461,55.42239882
4.158186628,293.4919448,2.220678147,-87.04802208
4.130130842,279.6768782,1.274082035,-62.76132376
3.953301817,271.9078045,0.571750276,35.93325922
3.879427843,279.2048687,2.566206137,-86.86485564
3.799506322,267.7908062,1.167016366,-60.06783607
3.593788463,260.1134794,2.004470689,-59.55452312
3.529935529,251.6707652,3.799869002,13.74911807
3.680598063,257.6571253,6.415791809,135.69715
3.733329209,279.711019,0.842076604,-74.41160278
3.665150159,269.1450886,5.003179991,-94.03707339
3.656787321,256.95531,6.591021254,-78.49933231
3.924524993,247.8172402,5.692285272,42.50570152
3.862384147,256.7836902,6.092198581,-130.2090209
4.018190216,237.4569087,2.107018201,56.84097653
4.020351881,250.1076359,1.112937563,-130.3918207
3.865182995,232.1832014,2.999944536,24.93944407
3.798430482,240.7028073,0.865559092,-120.6489913
3.642899369,225.1038299,0.804508302,-29.12479164
3.53013288,224.0667851,5.178989322,-83.88136454
3.610853961,215.0754116,6.633865162,-18.78080832
3.74877771,216.723593,4.837490246,-58.21479829
3.750275214,210.6624318,4.806782014,126.0166663
3.786729829,234.7525292,3.636103016,-81.37505144
3.828878254,226.6259128,3.477571043,-15.3960388
3.802121856,226.6883567,4.053322407,7.148125519
3.863457982,231.1508345,0.797004343,-93.21692797
3.779845622,221.4383766,3.651590257,57.76977424
3.752993097,233.7084838,5.943115358,76.97306157
3.807705817,248.6684855,4.019451268,126.8743416
3.74807295,270.3856832,2.823115988,-5.150510871
3.786685432,271.2874796,5.738617995,99.39987419
3.913791175,288.2192511,3.401220386,96.85681727
3.817088735,303.1489034,3.611996592,59.92975043
3.808108663,312.6087187,0.559138545,-131.888504
3.732740011,291.5194901,7.083153455,-110.5172454
3.911517244,275.4039124,5.133774533,-60.20590931
3.873597551,266.9595374,1.905896406,-31.01828523
3.888732267,264.8806469,6.981311176,19.52061538
4.03807929,269.8973958,6.917002284,56.18451583
4.175255233,279.5964553,4.008515162,1.690787222
1,350,4.355585318,57.81884424
1.248502155,357.8847077,2.536333172,3.007668351
1.238367468,356.314656,6.75062868,110.0814224
1.650291554,370.4931021,1.379097173,-81.32142925
1.501470611,354.0657038,0.860270423,-16.44171141
1.61200701,350.941422,0.709133476,-11.99077196
1.516826492,346.7923773,5.044008333,-61.5313153
1.661608481,335.082088,5.233784314,25.23967352
1.853179695,337.4199633,0.667873177,16.34835908
1.769099386,337.2014709,2.314767128,-23.58300272
1.768329022,332.7274193,2.484675572,53.64942605
1.790793092,339.1735406,3.583176024,-95.31452472
1.994152758,324.2688615,4.312543126,77.86521859
2.111007544,333.6014376,2.644544727,-77.23392731
2.134018642,320.2085966,3.215798803,121.2176902
2.167721402,339.3709885,7.331967957,47.88435825
2.473776708,345.6121022,6.81983876,96.04191638
2.598794141,358.7772286,3.145958289,-113.2730622
2.625791525,338.8285446,5.073876318,16.06687973
2.757223212,339.7101891,3.030953341,-76.37375477
2.709237234,326.7419227,3.345639415,-8.627709385
2.845971172,325.3219079,2.384649048,-57.83534512
2.822281886,315.4780304,3.703804795,100.1483172
2.701292024,328.4811429,4.603770331,-60.14226525
2.827541555,318.8616803,2.445842546,-12.60498003
2.958212978,317.4970922,1.937872412,-82.95036468
2.758353466,303.6720678,4.098245419,-114.6585178
2.935483782,286.4877105,3.885098726,-38.28438851
3.014039943,281.5146625,5.453806353,68.54062301
3.161018808,291.7117307,5.337650453,52.55011914
3.26413209,301.4424948,3.115200869,46.70411616
3.237242252,307.3400086,2.878940648,20.22052103
3.199827134,309.7682606,2.780650106,-15.23748753
3.081816873,308.0323622,0.930702516,-71.47905511
3.028143628,297.8550879,7.301218243,-74.837727
3.335499793,286.4761057,5.340342577,41.79913063
3.423980721,292.1751603,5.567573976,-6.919830933
3.535044142,293.1995352,4.676646422,-120.2862808
3.636267997,273.8946581,1.007934965,-83.61777716
3.512668043,262.3755844,1.563026979,-111.0821354
3.431916613,248.9236364,1.405057052,14.79937113
3.175999047,253.0415907,1.814703774,125.5836887
3.10553922,274.8492409,5.271282452,11.39435462
3.329008925,276.7433127,5.450264206,-65.58704109
3.473317068,268.6600983,6.98707979,94.22030137
3.621848514,283.8114358,5.584236489,-5.488901526
3.580454682,285.4374971,6.394722301,67.98676195
3.786390294,295.5494755,5.122281345,114.9931389
3.791983674,313.3915897,4.935658947,-37.23872941
3.861458176,307.3337608,4.369912012,-84.33873544
3.95033068,293.5127022,1.844506075,62.68601166
3.806096891,304.3252571,5.994556924,131.1384448
3.983776206,323.6707813,6.456799919,12.10953613
4.137744884,325.7775811,1.128536087,-3.090765632
3.899950592,324.1553859,6.995554433,79.8939507
3.997695532,336.9830671,3.895659582,-12.42240058
4.103062531,332.8332505,2.025900379,-89.66295695
3.871018709,319.1281236,1.015365685,108.9981164
3.750730423,335.3242025,4.981236318,-99.07436418
3.917709263,319.7177297,3.398888438,-125.247531
3.810170611,300.4693738,1.965613447,64.08559516
3.779714219,309.4438838,5.057859393,-5.839362307
3.809196319,309.1597723,2.423463538,42.28420479
3.629278204,315.4863773,7.195146579,-17.91095805
3.904245285,310.6233327,0.990927536,-122.8523743
3.856132647,292.5739251,1.080097132,127.6964511
3.589794256,312.8960506,4.285325853,93.73957213
3.656988182,327.0188565,1.69023481,-66.57081846
3.499866378,316.0750737,5.343842583,109.8806555
3.584549327,332.3168981,2.884819391,-120.9241213
3.667158949,313.1720276,6.548837686,-58.09099192
3.68871038,302.8808927,5.687576845,-94.99065907
3.932938186,289.6179201,5.364744046,94.83879065
3.980661977,303.0904154,5.590064551,-39.13680178
4.057648838,297.392268,5.58682826,-100.1480291
4.117107755,283.0581821,2.696733807,-22.33812493
3.926266764,279.758618,6.640484273,-96.18328309
4.253997161,265.9195723,6.660873532,83.04565087
4.339683191,281.5859899,7.30137008,-36.74917424
4.404331442,275.5522864,1.934578382,-72.06380567
4.224518493,266.0932951,6.29503961,129.2300516
4.409622513,288.8814525,5.391669989,-4.86193323
4.51616653,288.6135507,2.509348353,92.6910864
4.454885555,302.5736233,6.605256559,-113.2967891
4.473948105,285.3067717,2.011646297,92.15586583
4.388009052,299.5402107,6.43812728,-51.48528224
4.544160503,293.551432,2.455062178,-19.21805098
4.445209472,289.9340263,4.276125502,-112.3425604
4.359200898,273.6382226,6.358384971,9.648575869
4.419324778,276.5953326,5.924774705,-74.76770999
4.546560368,266.9512842,7.257053458,69.72981317
4.748658794,278.1910966,2.901657051,124.591023
4.561938789,298.5131789,5.403582453,94.60030909
4.697912325,313.0728781,0.818481141,-123.4329151
4.445599974,293.9228191,5.699160915,-54.25377297
4.556536874,286.2440248,4.117490561,-95.48266773
4.596224668,272.1636477,7.345666868,0.764179971
4.554859007,273.9742101,6.303007549,-118.3228438
4.707805005,256.9446147,3.852408166,-121.5890429
4.710172781,241.1369334,6.689690018,-15.05272934
4.734517488,242.55559,0.979849428,-117.639931
1,375,7.269208873,13.12007027
1.48279702,374.9680019,7.30879052,59.67111413
1.665529515,381.5726133,5.384101772,-78.86403531
1.841302673,366.0997339,7.333921183,-137.1582734
2.104444885,342.5059357,2.270876537,-18.11346467
2.057053246,338.6678065,5.955680453,-83.97637488
2.200551231,324.7024706,6.540952649,134.2779766
2.460444102,344.0236791,1.64689569,27.03720881
2.396045917,347.2434409,0.562902684,-31.50797956
2.289451724,339.7184884,0.809120406,126.8480567
2.354645314,357.9057275,3.553026528,124.7159285
2.297099726,375.5873704,6.004141902,101.7470355
2.389645995,391.2919152,1.71215795,-118.0698464
2.396740714,370.3848839,4.70519905,-92.22995635
2.371955377,354.6298852,5.633661173,-25.4322631
2.515060555,349.5309733,4.195361764,121.5476719
2.61826003,366.5575865,4.151872857,-108.8351801
2.604425311,347.6332848,1.60756385,12.55629314
2.636335882,348.7915623,4.17082856,38.22507087
2.596412443,352.9443852,3.310468105,41.61253361
2.642601577,357.7467291,3.27830002,34.42114541
2.767924731,362.6048914,5.87183477,-89.17392101
2.860432283,347.2247568,3.12903038,0.703627647
2.879012064,346.0995057,5.306669559,-68.42232529
2.943993242,332.6343393,4.383186041,34.70301502
2.956500867,338.4273987,6.768508162,-38.09622848
3.286485311,331.1749238,4.962899511,-85.7093396
3.208934467,316.4342537,3.984558802,-88.2096169
3.220350304,301.8868943,6.928681274,-18.93831503
3.516993203,298.8432521,6.311316715,-23.11769499
3.585461059,296.4041521,6.832673121,-26.43744175
3.747369038,291.9261491,2.818221522,20.0385489
3.816539154,295.668213,6.418105544,100.2817613
3.885759548,312.1052927,4.669816819,-115.3717839
3.839013584,293.0106736,4.680866251,-70.70730883
3.956595718,283.7379776,5.62815414,109.6253677
4.020494293,301.2753769,4.103137796,28.76764407
4.065396913,305.2213076,0.955474687,11.13187024
3.840203303,307.0970671,1.404307486,31.82301542
3.740284101,311.2404313,3.045552429,74.37723771
3.658512938,323.9617784,0.839738955,-108.3838647
3.672738266,305.0384277,5.288162506,4.070471738
3.724664855,306.6923147,4.501489601,95.47417264
3.80489534,320.3270839,3.914163474,86.15123526
3.793200543,333.1004309,4.071705405,118.5335354
3.796792836,350.2306197,5.168494401,-97.57588574
3.724786297,334.542508,3.051872227,101.6041514
3.643151656,350.0777085,2.951996476,-86.38174039
3.701634135,336.5854972,3.808349164,-29.78300938
3.724281532,329.5368861,4.832509487,-17.56492031
3.752155963,326.8864449,2.326455101,-24.31327648
3.736559061,322.8288378,3.433238242,111.7838578
3.679190633,338.3715321,7.357313834,34.32468036
3.843841068,344.3891162,1.082288858,64.72187118
3.56621749,352.1543683,5.250797817,90.56191475
3.734211203,367.7293318,2.932159357,-122.533317
3.526365565,346.8391432,4.782752715,-104.4403922
3.540482296,330.367447,5.816706704,81.78426143
3.658229514,341.3710802,3.360387507,123.2770948
3.676412718,361.0591118,1.716458556,122.9405236
3.393482495,380.211015,3.758427724,73.05379509
3.25655731,396.9328513,5.769741368,133.6694327
3.042035007,430.8736947,7.312945959,-127.7524756
2.764498899,432.6470222,0.611798943,12.02508847
2.018629694,457.7323366,0.737143325,43.74573568
1.30851256,486.8891579,4.244318212,46.26622484
0.900231558,510.9483428,3.589384931,-63.20237763
0.823934028,509.8192254,7.14768258,63.4081829
0.779448515,524.876943,0.544267561,-111.297852
0.622121606,506.9989522,4.921845716,-58.87866388
0.567242662,494.1850376,3.353351741,78.20309623
0.543895797,504.4178716,2.979018767,118.2801754
0.541256785,520.6926705,5.54316485,14.42401247
0.644994518,521.6315228,1.766753852,-25.11350488
0.614977525,515.5460218,5.840172529,136.3324605
0.680168008,536.3833366,1.015566619,-101.4576173
0.499249487,516.4727911,5.68031311,92.71705462
0.477418306,527.9038018,1.121410002,91.50499335
0.429236592,537.7616124,6.007126201,52.28369118
0.518195463,544.046016,2.879484915,-15.4053722
0.497082844,538.8467785,3.064352975,94.57391443
0.387367868,550.3571288,2.798254958,-49.28473276
0.376084204,537.4324676,7.047036001,116.6631615
0.523774202,554.5900182,7.280718878,85.43027162
0.432510128,571.635122,1.108409323,-113.635967
0.422593667,551.6946726,4.399574527,98.93994428
0.33551068,561.0331186,6.689385048,38.01352328
0.489212412,566.9125688,7.190632158,-96.69845184
0.477372836,553.6249219,2.05106651,-46.529124
0.478187454,544.0244552,2.297634446,-52.16527298
0.348566134,528.2404192,1.329118614,-34.62774073
0.425076479,515.0793489,0.708417977,10.49490811
0.41079546,510.1809623,7.120798063,-15.24300315
0.660371073,500.593592,4.86907271,31.05898821
0.645419596,503.7756136,7.033654177,65.1441866
0.775942293,515.1049712,6.273746497,-45.59738979
0.721393976,511.4400396,6.852252525,-87.44188639
0.801478942,501.4577718,3.355875882,65.95888678
0.786668306,512.3163692,2.834194672,107.2595173
0.592137919,530.2132543,6.524591035,-93.02275178
0.575611832,515.9540949,2.115221592,-124.3236548
1,400,2.053952198,102.9812044
1.198695043,413.3284303,1.947034087,116.2808171
1.105371858,427.9087413,3.918878322,31.0399644
1.120564956,430.9955541,5.861354995,5.116108152
1.279855793,428.1736254,2.577603511,-86.74411009
1.393941896,413.7168472,1.065188881,66.23342091
1.311539372,420.2945247,3.58916456,-94.91393323
1.332371279,402.6565938,6.659559218,-62.75376558
1.524555319,390.4442971,3.399645134,-56.64446766
1.576447333,379.0067461,4.901515362,22.17717127
1.681642713,379.2691112,4.699504376,-65.05025033
1.890037947,366.9419327,2.492801164,-68.44772609
1.850906629,353.7562116,2.792947634,-98.84325773
1.904138289,336.8794891,1.659290028,128.8696017
1.971390387,355.9028435,7.221587007,-86.55149148
2.178672751,339.4856383,0.670145931,-82.06791035
2.185044141,325.3277754,5.398905299,77.64294664
2.168154567,337.7450641,0.660531647,21.57301787
2.165464484,337.7349507,0.511495209,4.297948095
2.190381459,337.0553171,4.978566233,134.8956782
2.291623038,356.1812545,2.313683175,84.0269193
2.219078112,367.7148558,6.593381609,117.4304577
2.433550995,386.0455603,0.515499488,-8.475452968
2.340631279,383.1884906,7.370281163,-28.07089005
2.503652704,377.2326337,6.196127343,12.9045838
2.543156811,379.0756392,5.89597861,-4.185812838
2.584008614,376.3446173,0.703780946,-114.8539846
2.574733641,357.6218092,1.280176687,-69.09858561
2.562232889,345.8069557,7.254407048,36.60168424
2.607984813,350.1046046,6.216621418,18.35611149
2.924505439,350.1079546,4.947493439,86.63956004
2.903428611,363.540232,6.986778307,114.6185546
3.071892084,381.4692279,6.273675043,-112.7214723
3.205311746,363.8305022,3.027338929,-129.0252793
3.073368322,341.7254103,4.32450844,82.26187349
3.198625739,354.0042406,0.857999622,-86.48119142
2.959319469,339.7631905,3.058344375,-71.03032042
3.13063781,325.8659567,6.06561231,-41.08474335
3.272986889,318.6611463,4.972143774,-1.829152397
3.232719456,318.1078381,4.584498206,122.0276075
3.336142139,336.2228095,7.104780574,-107.8632233
3.603117935,319.4955252,6.404884763,-42.76996127
3.673631844,312.8419505,1.20579091,-32.38637313
3.553752485,307.1788464,4.072483581,128.0841997
3.66086504,326.4558742,3.100588307,-135.4529521
3.514114096,303.8064929,6.517948209,-108.0248004
3.618551396,288.6228253,3.848373308,97.21668344
3.700904748,303.3478699,4.103165769,-14.8311601
3.630166669,301.4870425,6.103334945,-133.2246278
3.789862867,281.6777624,4.508330542,-24.61566425
3.902441038,277.4503165,7.395957584,83.72265403
4.097081066,291.3345032,0.877734715,-85.97840314
3.827161068,279.5103315,3.666931921,56.37280371
3.926765613,288.7818571,2.824337047,-38.89356001
3.882100415,283.6502489,6.950293962,126.0084839
4.046487848,303.5676377,3.353800101,110.7142185
4.058433584,321.704058,2.811772764,-115.9059623
3.94488947,302.0956354,4.187022958,44.67900106
3.968577036,309.8181266,6.75089006,129.2104401
4.025440684,328.8393837,5.889528738,71.97198306
4.220198341,339.9338209,5.470343331,55.98690242
4.249644966,348.4734811,5.871319668,131.7637547
4.190429351,368.8786688,3.116001622,-115.8182195
4.010308402,352.8879055,2.177483077,-77.36590618
4.035956075,338.5288934,3.045198578,86.1984047
3.792411753,352.1482176,0.920673189,-13.96012392
3.687376025,350.2458074,6.192193692,-65.48934564
3.72549034,338.9325773,0.943806874,-71.63676344
3.561563094,325.7227698,1.095493232,85.49373888
3.601429905,338.8179856,1.691750529,-84.62649967
3.362565215,324.6332087,6.202494081,86.19043167
3.557816989,336.8745308,4.625617148,115.2039926
3.567357117,354.6142151,0.918751457,129.1657437
3.487582965,375.0404784,4.496826518,-54.85608425
3.340607139,365.8243839,6.279940785,44.28258142
3.463273105,373.3266926,7.40551009,-109.0306938
3.64712733,356.6926322,4.566429693,-7.54773531
3.521748356,355.703633,5.065895502,-71.70582404
3.596168758,342.8839471,0.717910444,12.28676563
3.37773601,343.5979288,3.052971252,108.9814741
3.449715658,361.6146742,3.715419163,-22.59608513
3.396912693,356.8267011,4.930338786,7.549676422
3.345746527,356.4772007,7.228477981,80.2805938
3.634887056,370.4838412,3.976868564,-80.23861728
3.51157622,358.0102114,4.727888988,69.04884179
3.466802885,368.1498463,5.791046819,137.0844576
3.549789664,391.594271,2.029484469,-20.65629789
3.297983767,393.4796334,3.46694722,-50.37599356
3.064684029,388.5714342,3.057331133,-6.12741435
3.013481316,390.9670413,4.294632864,-65.2138256
2.924675904,382.3985571,1.440546095,-55.03164392
2.73022203,373.6740564,1.455360657,-50.63883645
2.644015824,365.48222,5.254278766,28.15032333
2.69496643,367.9439757,7.480578266,16.92072075
2.956633834,369.7907956,4.34108338,39.5415421
3.022609893,376.5393252,5.587525594,32.17043022
3.111613275,380.5454054,4.619500455,29.16786719
3.060554242,387.7301453,2.983498225,77.05056023
2.829927771,402.5794283,4.7322232,-52.99145661
2.822952108,398.403689,2.21941699,-119.0927917
2.562049869,379.7538709,2.934104174,-135.3199903
2,300,6.75002106,-46.67228004
2.336517867,294.560638,6.248603861,-127.306503
2.525016583,275.7178912,1.25359676,26.40335328
2.407333921,279.9658141,4.208721535,-22.55349387
2.588999562,277.7911344,2.847854945,34.03317833
2.5521043,285.0253802,3.566989983,65.52281256
2.599319727,295.6277042,4.126254884,21.90516848
2.661619743,297.8102889,5.017485671,136.1734196
2.832012171,319.5189635,6.239007378,-24.11085337
2.917589164,315.0691556,6.633873586,89.93318291
3.195808271,328.389286,0.881321555,60.73257057
2.985643546,336.6079426,6.115193937,65.66851742
3.095073718,346.7812148,5.463922255,11.37134933
3.22576524,346.0478358,1.373769221,127.1242589
3.076375724,364.4709033,3.322794091,-78.62468398
3.044352129,352.2414243,5.520930925,137.279855
3.244778939,373.1262718,2.289298389,47.58595712
3.117929764,380.1373474,4.693041392,60.37004526
3.099490013,392.7214611,7.061446743,-41.16395648
3.111902623,389.7196062,2.275438682,-27.09097188
2.878955149,387.2753725,5.72557502,62.24182926
2.939367459,398.8977916,3.342754572,135.9388576
2.677517422,429.0215673,3.653494965,-35.05321555
2.335114097,439.2768015,5.467400243,-115.9837445
2.042945928,434.0444294,3.288610432,75.24471888
1.866263233,455.7763451,5.853256885,-60.03906493
1.557702422,459.143165,1.826795333,-7.985843768
1.314615404,466.3558729,2.843642312,65.20418403
0.979128198,483.1851181,1.823749809,-46.91553872
0.8753717,479.1743186,6.409598946,31.9511232
0.985655733,484.5027883,6.696848558,132.3758496
0.92866137,512.4752952,6.35836015,-88.65983318
0.742386488,505.1085107,4.828873559,-6.636424622
0.690455598,509.237362,3.329096583,67.18991858
0.583032766,519.9703339,6.281533024,50.89717921
0.571445334,532.0056638,1.474901238,56.34029823
0.415820418,539.3523173,0.911861031,-85.37070829
0.354034158,519.7820342,6.973556355,-26.36043062
0.678023862,511.8469902,1.538040728,50.63531813
0.547210718,514.8149048,1.644421255,41.17368137
0.541062918,516.4153117,2.261299002,-127.3957043
0.537174589,491.053678,7.211058202,-120.4943205
0.743770383,465.9420581,4.090581303,-44.08428374
0.884860011,455.6906952,5.120068731,95.67426796
0.882132236,469.3348263,4.727065897,24.22602721
0.89542417,472.4581314,1.319231249,58.45843119
0.896623281,481.8773726,1.931662805,-2.675613198
0.644632252,478.1737996,0.756259713,-51.27678866
0.648331893,465.5497418,6.54121285,16.24072858
0.892406019,464.6865817,4.326954784,-36.71537546
1.028462144,457.8221968,6.297096796,-62.12487735
1.173418649,445.4216612,1.379608392,17.43919014
0.911797817,446.8381508,2.371373038,76.39859731
1.008470098,455.0901889,1.755844419,78.682415
0.903707299,466.9497321,4.755974246,-127.291989
0.898895088,442.8174149,4.428925925,46.70493008
1.056156936,448.8174726,7.068748247,79.44607825
1.247557235,461.2385681,5.753013301,-0.819173445
1.1237833,465.0160569,0.799127512,88.01875605
1.006121005,482.173007,0.595366209,13.90033048
0.732688926,484.5773235,4.467577399,-107.5226934
0.867651074,465.6705726,0.939433679,20.75673082
0.812514279,464.756783,3.898396861,-55.16053299
0.807283617,451.9246078,0.778568906,37.19281866
0.831481927,452.995069,1.370349782,-135.6650541
0.702754637,426.8119688,2.436666121,-55.12624327
0.781799328,414.125292,1.762223421,-120.2839088
0.91852328,390.2514955,5.954637675,-27.56987048
1.148776724,382.394046,2.220703959,6.603386044
1.134748981,381.284548,2.284899857,97.75235832
1.23463813,392.2286409,3.884525047,34.2083225
1.220377996,393.4539666,7.311507534,-40.34791169
1.548541086,384.7741786,2.07251944,132.9760678
1.609707756,403.6601253,4.609520947,133.8003965
1.531674696,421.9790246,7.280662562,56.97332004
1.732041932,434.0636892,0.635700663,31.34177736
1.529196515,441.5168502,2.246914183,-102.934534
1.455181283,427.0624402,3.063827944,-83.30736636
1.409352719,412.19199,5.865369896,120.6058888
1.533443689,429.3841941,0.684816786,-67.76011534
1.344924885,418.5087591,2.363386316,-99.35342089
1.33187088,398.8577965,7.160495176,-70.10779656
1.552535592,386.2368612,2.993303154,-125.2947078
1.6163463,363.4326531,2.166914698,106.3402184
1.791384396,378.2996715,7.251031113,43.34106572
2.035820037,383.1991535,2.578027748,-122.406684
2.030428747,360.7591172,6.551055395,-95.79420282
2.196001147,343.9724799,2.38683663,13.39018182
2.208536265,345.4419579,2.26594208,95.74392034
2.132912251,358.3840617,4.015504178,-4.252946663
2.325237072,354.5001459,6.836810416,115.3523386
2.478121423,370.6998013,2.191393927,-133.675874
2.486604733,347.989138,5.192027873,-63.73239166
2.468300771,337.2190484,0.600145161,-111.9082336
2.477065448,318.6952042,3.431863938,-105.4032787
2.473046693,301.950779,1.949622983,68.07096816
2.538289997,311.8730245,3.689815969,-107.3584434
2.576682367,295.4972318,2.007265655,119.5120246
2.42298816,313.7848782,0.555263236,39.40884744
2.500508741,319.3672033,5.012637693,50.06980411
2.460171418,326.2619232,4.547074251,79.03562151
2,325,1.034158026,77.75522629
2.120961921,337.2139736,3.56886462,62.07366547
2.044636852,345.3756321,7.345926584,10.69329819
2.384017015,343.9520056,4.007843246,-118.8746947
2.489353983,324.0747775,2.379072861,-0.032638662
2.462094494,322.9937417,5.254609973,84.37196122
2.655635745,335.8875075,3.166587932,-120.5732466
2.602694649,315.4367735,2.517019195,113.775989
2.537489097,333.0170671,1.993697475,-13.29890056
2.511773997,330.3822726,7.018442138,-131.9724473
2.729523968,308.1424014,4.703842422,125.0359823
2.86853956,328.1634288,2.112120153,13.46942309
2.813011231,328.2273381,6.863898624,-101.8973843
2.946889124,310.9427038,4.163888065,69.55829976
3.118706359,321.6844512,5.183092686,-8.957539676
3.120494676,319.8703416,1.933943632,-2.565031013
3.053215118,319.4514973,3.106692826,-6.277457488
3.075400177,317.2875995,3.0612327,93.86611704
3.092535544,330.3935375,5.880532546,-51.66814935
3.190402976,322.1559865,4.508377329,-62.20860266
3.378431864,311.9873691,3.669900528,-40.83934606
3.287335139,306.0841322,5.101796239,-36.01359094
3.402738734,299.2377466,3.713650845,60.92337224
3.373026539,309.8075081,3.390942804,112.8953616
3.455206305,325.654262,1.763161334,66.97747006
3.432885787,335.4485945,3.456618306,-20.42956478
3.416364605,330.6602061,4.94065908,6.362834128
3.336225579,331.0684386,3.404201849,-138.4925443
3.369715082,308.6665318,1.145836421,58.16511402
3.399986515,317.0292823,4.170419177,54.489022
3.356008189,324.9464476,7.188278261,50.80940806
3.57729956,332.9245194,0.871900835,-53.09648067
3.35194559,323.4691016,4.648162811,-73.57767054
3.461611483,312.4857709,7.254796997,123.6245165
3.66292775,330.5212569,6.438806166,-7.687779424
3.741850925,327.4387297,6.390337004,-102.4692742
3.998319814,311.8482213,2.661135601,-10.27878022
3.873079905,309.5863277,5.692930405,-3.937436785
3.903188083,308.6720706,1.458132832,-43.46207856
3.772539025,301.7422151,2.770983188,-55.43919768
3.667334463,294.3580017,1.658509803,-23.6383984
3.707420543,291.0697921,3.636844603,76.36122161
3.754371005,301.9605088,6.074734905,6.219480498
3.689980897,303.7611976,3.724412073,77.28156217
3.790971941,316.2127579,6.711022663,48.58855107
3.960514471,322.5277667,6.103353343,121.9753858
4.048919521,340.0376096,0.784590666,104.3532653
3.851324137,357.2881087,2.435941507,-6.732084032
3.707191673,355.9997404,6.077326699,60.34506935
3.772146929,365.4471969,1.530033004,44.09674213
3.490043199,372.9752749,0.98476449,-39.70260641
3.470694924,366.9470366,6.189806851,-20.08199243
3.391412741,364.1480017,4.698981063,63.37813928
3.487730506,373.5166945,6.248593258,72.36531689
3.563492754,388.3087986,0.550002927,-22.15088131
3.26406819,388.5634499,3.741953526,-123.4723701
3.182603888,370.1513632,4.290094925,29.93632224
3.160599992,373.6727293,6.299172365,122.7248065
3.133122407,394.3987622,1.397034978,-74.88037421
2.918301503,386.2971999,5.114108779,-102.0905668
2.962651254,370.7440781,2.068550459,20.79516488
2.88245522,373.3280573,1.686666065,78.39727053
2.669190206,386.5395472,6.498829383,-129.5349536
2.921338361,364.5423152,4.228513635,82.48649478
2.893463306,377.4680368,7.325977768,-62.70595135
2.944418209,367.4812998,1.683707444,104.6391556
2.874475724,384.0226469,6.864277246,-84.01864854
3.115909985,369.6366979,3.590708199,60.89782201
2.886843243,379.4632714,6.417416111,-92.14575588
3.076866353,365.6372306,5.15478274,85.50985665
3.19320864,378.8505559,4.347998846,-93.1342689
3.016203518,363.4319562,0.748701634,-60.68505545
2.925476186,353.779621,6.155095925,-126.4538265
3.042129245,332.662946,0.557515535,-38.43982316
3.036391161,326.209061,0.945356,-97.36492353
2.812119766,310.4482471,0.662332577,6.866621874
2.846192696,311.4682576,5.376871315,-20.26292023
2.967885042,306.6473022,1.441993211,-46.84522292
2.83349064,299.0848909,4.63242098,122.4059524
2.941975731,319.5710629,7.447904034,-71.77697334
3.176949305,307.9421647,0.574059349,91.84454235
2.936853644,321.2967924,6.986290564,-11.49903432
3.152881453,317.5132511,5.900096412,101.7219621
3.436074673,333.4567007,4.767303588,103.5075592
3.502049397,347.9250808,0.667321183,-63.44577723
3.245304514,337.3089464,2.440537079,-105.3798895
3.232090557,320.8855101,6.87499418,-130.4335475
3.449313976,299.2068003,5.207927207,-119.0723186
3.439847501,281.6705001,3.025463456,-22.75012885
3.461983111,279.6563683,1.769830023,5.837251379
3.291915532,281.4378837,4.244942326,-50.82114797
3.388301262,274.7795546,5.659616417,-94.38822682
3.455873063,261.1661537,1.847557533,-40.41360933
3.548107785,256.9251586,3.148632934,-81.58726861
3.36868107,247.8187181,6.930964436,91.13710994
3.625139071,264.0509793,1.24813721,-36.25391522
3.543313038,259.0454824,2.128697669,-13.58927805
3.493735512,259.5872496,2.434220303,0.50191424
3.447490298,262.5273857,6.958222072,-32.63579735
3.536652869,258.9960299,5.0508983,26.56142241
3.568768191,265.0237845,5.763674928,-121.7596402
2,350,6.61400582,130.1501945
2.283264148,368.778047,6.584361781,8.571026118
2.544404226,369.304511,2.129098296,-135.7225652
2.372719429,346.8910948,3.513281728,-27.12462438
2.397789559,340.8642797,4.158722699,-6.002279424
2.516047045,337.838298,4.387495317,12.0516725
2.726276985,337.6541105,5.826269029,58.99294196
2.742652533,347.1861132,4.837774673,-20.5300654
2.919144241,342.3591126,2.523525196,131.6264664
2.777896811,360.0274934,2.836418319,-78.11082269
2.738845018,347.197435,0.960658715,134.1307181
2.817947462,367.8598955,1.39498999,-49.40811695
2.591632996,357.3694887,0.996599913,-76.45280085
2.566428641,343.7301478,3.255444405,110.0402879
2.561946971,359.7541781,2.918231284,134.6526322
2.507869377,379.6136622,0.701124343,-41.19868767
2.433407467,372.6995635,3.166712224,73.37782014
2.364470767,382.5842583,7.071627393,-50.08617165
2.58991107,372.4126013,3.52733153,-63.84841022
2.54821957,361.0600179,6.107391204,38.39967144
2.692506485,366.5495235,0.980830934,28.79013463
2.679447498,369.8234272,6.069021909,-129.9977447
2.685230752,348.922911,3.688134755,80.60349015
2.83969694,359.9367095,7.420175627,23.32348617
2.979893616,361.1219347,0.772386083,-14.88252688
2.873080383,357.4985779,1.817207607,35.29323806
2.81616155,363.2656851,2.007224596,-96.95275563
2.744272107,345.1920541,4.253010147,-111.0036772
2.797625871,327.5170068,5.618109024,122.1252985
2.922915818,345.9654648,7.103227291,-34.7948625
3.052759628,338.4511753,4.670251721,44.99520145
3.220424068,343.550269,4.074063187,-8.085394635
3.200768502,341.535231,0.562105999,-120.0287864
3.053818871,321.6864835,3.543713599,-19.0295485
3.14053876,318.5118982,1.801185799,8.251477522
2.972434574,319.7161865,4.693603771,61.36791232
3.063511842,327.885142,2.644770996,-26.55681746
3.017858091,322.7516824,6.259476943,24.20287728
3.30293771,325.7446267,5.445608804,2.939513202
3.327463575,325.0224078,6.310431627,61.29945254
3.414538488,334.5710253,6.56383178,-82.38618099
3.681711701,319.2269773,2.589743959,-6.72110552
3.552076788,319.1636203,3.955231485,29.9100387
3.672280886,323.262195,6.232549039,7.701066844
3.656061016,322.7165786,7.074428952,62.05095357
3.839235341,331.7268781,1.75129911,33.25706283
3.699816228,336.0369463,4.435983688,73.16795436
3.68012586,347.239106,6.146524346,-55.93744821
3.925533455,337.7073534,1.468692947,37.61053473
3.674398273,342.618657,0.558158621,80.16202433
3.603146782,353.9386078,4.014541748,138.0885281
3.510024597,375.2330884,7.388284532,-75.81149868
3.655016929,365.1652511,6.449701031,86.89376685
3.719476642,379.9700788,2.152940592,43.57036299
3.509356259,390.1075863,7.340197011,64.32459259
3.282833492,408.2993958,1.169398529,0.168362776
2.798351944,422.6102986,3.73652055,-138.682264
2.628835993,412.1153632,7.422572583,104.8944365
2.428347108,439.5831984,2.02047807,29.27153048
1.868904968,467.501733,3.803671844,-39.13641569
1.375101465,482.2028721,4.205047166,18.00642107
0.985261026,500.8880393,6.334843009,-121.4407535
1.032219299,490.5976317,4.744566362,1.003540342
0.966190415,494.5072581,1.62209085,-98.48737495
0.790906915,478.8455522,4.964886034,106.3628253
0.834076379,494.404355,0.730060676,-19.99391786
0.656741621,489.2286,6.645251513,-6.525811776
0.709667004,486.7738331,3.072993763,-72.04160247
0.779683454,472.800298,0.83762244,-90.23145744
0.77299305,455.5856392,4.397428029,8.357079272
0.84665903,451.1644635,4.309550854,-55.81868541
0.885729695,438.9572914,6.557968219,96.37404758
1.168723308,452.2446376,3.759902566,69.82172692
1.093174023,463.5456643,5.984994709,-36.63976723
1.218758108,458.6841581,1.741191704,-68.64708781
1.052279405,447.5437791,2.159637417,-30.029013
0.939919935,441.0535473,0.550444867,-60.86365764
0.875119792,427.6255047,4.259490819,-21.37241735
1.017483607,420.6125371,4.222784272,66.68816083
1.159012233,427.2410065,7.018508076,-48.33415596
1.330096123,417.4300595,2.394014654,-6.604469425
1.417915369,413.8036927,4.767313472,-86.87488633
1.56291021,398.5138888,0.695967558,-82.22402046
1.397591797,381.7788657,2.215731927,-17.68595631
1.504486328,376.7470354,4.916504695,-55.16011094
1.687741567,365.1616526,7.328546993,103.0967697
1.947272812,378.6248777,4.84512422,-45.03137187
2.0776534,369.7694261,1.688121235,44.36949001
1.954687381,374.6384499,5.508143488,-120.5275883
2.060298208,353.217526,5.925813473,107.9524562
2.321227159,368.9578469,4.92556641,56.48681561
2.46934608,375.4211516,6.544109561,124.6455405
2.558742895,393.3454541,2.963134953,-122.4439529
2.400702199,375.4887723,2.67668564,-91.43029193
2.455553242,358.778566,3.11834118,1.103064514
2.498528635,357.1733611,6.033443321,125.6894268
2.617044403,375.5264351,2.528745839,125.5594807
2.60814856,394.1660971,1.788309855,-16.64962539
2.341288829,393.9485589,1.777496356,-66.48584772
2.279265216,381.7056205,0.620448285,-70.47788995
2.206036221,369.0570341,3.205583241,-0.78665241
2,375,0.572619077,0.520720083
1.98391752,373.3294823,3.970413052,-101.7140279
2.075766931,356.2469548,1.494777598,-78.17815191
2.115669471,341.0126143,3.429557264,-69.97190326
2.04258034,329.0443852,1.088417558,-42.91704786
2.011885516,321.1943963,1.667434426,105.1553099
2.029639556,336.0191079,7.156748221,-128.1254614
2.242592574,315.1560511,5.39375174,20.2110615
2.483781345,318.0750656,6.786049828,46.36082952
2.71521802,324.3896226,4.334864481,56.22984452
2.819427265,332.0230802,3.205340187,54.01074814
2.69644494,340.1233355,6.274093252,-9.536535383
3.023344859,337.5101116,7.083670867,84.37216509
3.062682727,348.5962604,7.383514738,-91.76771357
3.397592258,332.9393273,4.14759298,123.7548479
3.322909212,350.5717468,5.046783242,100.2310978
3.438316422,365.8523964,7.295922085,-87.3495384
3.542001155,352.0686786,2.201809727,103.7224647
3.347622184,367.9339592,6.843940938,71.74389096
3.482182096,381.557117,2.928313676,-10.12924693
3.282869209,381.5882323,4.773764186,-1.032856285
3.242460102,384.1133087,3.845818095,-17.90126122
3.19914923,383.170767,6.592858075,-86.84482721
3.247300499,369.4024201,5.313718652,56.53588613
3.371268002,380.3160463,6.976400541,-127.9292275
3.487651586,360.2447752,5.029816995,38.34833216
3.46448395,365.5504341,3.731883637,-124.1501698
3.502446895,346.5297194,0.769996462,-91.79683673
3.331724505,329.8067463,6.061835209,-93.72055012
3.330799968,314.1744498,1.471170898,-40.85640515
3.378905103,309.1562402,3.891489186,54.92677804
3.412105935,315.7471303,6.108095022,-64.78490044
3.452317248,306.0972446,6.866333465,-132.5369689
3.708845013,286.612454,3.125859337,-83.43519316
3.717727687,273.9227897,2.899636604,-15.52436373
3.575108108,272.599202,3.986977273,-23.79268946
3.656480427,271.1457864,1.99979174,-78.71119721
3.627313391,260.2026191,2.126149891,63.63489971
3.43640174,271.2642843,3.411430669,23.30505131
3.583041215,277.5399523,3.960356236,-19.43144205
3.572804316,275.1237533,5.643360719,15.61569203
3.575844418,278.234548,2.618414492,130.7772868
3.629791974,299.3569576,2.073898285,-100.3419089
3.466739639,284.6774996,4.804527328,-2.241961489
3.563896937,285.4965647,1.782069136,-108.5248656
3.525344511,268.7660766,4.277028674,-58.52798203
3.490089321,261.814531,1.221378363,-2.610681272
3.404568415,264.028892,4.924641793,-128.3418945
3.471513912,245.9915682,4.000755443,-115.6823898
3.524638158,231.7292184,6.039227643,71.67667932
3.582210646,244.5281304,2.335912546,-110.8726225
3.607372434,231.6633798,6.920348943,4.850067546
3.703346709,234.902743,1.434777731,-107.6269214
3.729173729,222.2286995,6.391488039,12.79853895
3.713565735,227.4297163,2.327116082,21.06264552
3.740436154,234.9676421,2.696968247,81.00644684
3.664230426,251.0977611,3.951635029,129.2106169
3.729188732,272.4007091,4.142183611,111.9504521
3.71893238,291.6956548,2.248631924,5.968695806
3.657495546,292.116467,4.040219784,86.96430716
3.658138322,305.7347234,1.012359549,93.39084101
3.621251062,320.3926557,6.129649448,-26.02187129
3.715627903,314.7803888,0.755158738,74.23725787
3.522764188,327.3900567,5.252492983,116.3691449
3.671580389,344.5576208,4.421299356,129.9219437
3.687643885,364.257331,2.658690458,-44.75279077
3.426333722,355.7470402,5.61617268,55.93608946
3.605590005,365.4898808,5.577442453,109.4285488
3.595016594,382.8903482,5.516543612,50.59799576
3.402945414,396.7139964,6.401817894,40.31083614
3.3187836,411.484894,2.618892217,91.32811904
2.773379144,451.266025,2.213036834,56.60575258
1.51272115,508.3861527,4.251217686,-33.10846966
0.739093846,537.0167366,1.750325546,107.1754542
0.564188701,560.0688416,1.061634454,84.33018649
0.351995273,569.7775403,5.284292463,-10.55265604
0.402191284,562.1420624,5.148345166,-60.37048753
0.387408009,551.1724115,6.531023425,-89.31124162
0.504029769,536.4260446,4.557975471,-10.10156123
0.609449226,532.8236426,5.212552787,-6.632096527
0.531379964,531.7195352,7.167578075,98.12712741
0.573795972,549.0707639,6.789549742,-131.7863707
0.567368686,532.5887048,1.594960315,-6.417181021
0.386709387,527.9403535,5.643052887,-39.91403727
0.596663852,520.2083281,4.451175429,-126.2584828
0.554379004,496.1083173,4.983089139,50.33510981
0.785791107,502.8796979,3.269462326,-100.9241719
0.706241016,484.5686981,3.415204265,66.23968145
0.715613358,491.9827364,4.59015345,106.509238
0.771247552,506.5630784,4.551247279,-89.45265708
0.818814634,493.0598766,4.642261851,-123.9228589
0.845381081,472.034948,5.70389193,-83.04510068
1.010342055,455.9958485,6.832727397,-7.342256076
1.059090248,451.8888608,3.591572289,-101.0889797
1.151140281,434.8952286,6.153869183,115.8413308
1.169091387,453.6067838,5.362119444,46.5401312
1.298717449,461.9128818,5.446324354,68.00378357
1.212736942,478.4688957,5.502166113,-99.17708458
1.051276412,468.81508,5.164505635,113.9881739
1.016278209,492.0235904,0.726974712,-87.55156955
0.890153841,481.1130152,5.836464591,-127.2592464
2,400,5.899244503,-133.1244692
2.149222683,378.3386773,4.935537644,69.11219512
2.201069037,388.83878,3.989549086,-76.44538236
2.365332586,376.6867414,1.886440053,72.36964807
2.163131331,386.1324456,1.683775856,-114.3500608
2.119855984,366.6101234,5.297518729,125.9426062
2.394713764,385.316422,0.527637864,3.3867401
2.206778583,384.6060012,6.188346732,31.25724329
2.350801765,387.9462799,5.552287222,-57.81220791
2.388698319,376.9469319,6.924418858,59.60438905
2.612911104,385.7247065,4.297810576,-99.39721695
2.68908475,370.1751221,3.11338532,48.3704525
2.646580383,375.9023323,3.592832221,-18.32944776
2.563733171,371.701,4.824368849,3.649512113
2.617027443,372.5801978,5.052780274,28.06637819
2.662693699,376.055042,6.136562378,6.013098368
2.764320302,375.029963,6.860542166,-50.21220152
3.015651889,366.8709876,1.133215445,-55.36109981
2.849748732,357.4804822,1.297890533,91.30037572
2.663091748,370.2165307,0.828274236,35.07976623
2.570640174,374.4532035,4.333103091,88.69083923
2.568680629,388.2987909,1.892632778,99.12509195
2.378859971,406.3142128,2.961568476,70.73547553
2.212647231,422.1559639,2.571731948,106.6490306
2.027166604,449.1181142,2.778581465,-93.05114697
1.710809812,443.3056466,3.247704708,-112.9276828
1.481561509,429.9742518,6.247739605,-96.90222452
1.599689995,413.3885677,3.188801141,123.4057633
1.727011276,433.7478816,7.413378324,-12.13762678
1.684415425,435.1955388,6.282859907,-69.06274602
1.730924031,428.2436884,4.681601538,111.8977202
1.687722455,450.7970856,4.241905642,25.05593617
1.427075547,464.3621078,0.774972371,-39.67173689
1.221329471,463.9723331,1.057291631,-54.03891589
0.971940972,455.4658009,2.815035184,76.06397725
0.87028936,466.2744427,0.779714461,-19.58550756
0.848942268,460.5951003,2.704488103,37.91420944
0.774180834,463.1964285,2.924430051,-126.9174112
0.945427733,439.7714717,6.659406222,73.12239117
1.129026889,448.4084843,6.646676499,-22.91412854
1.219396395,444.0663726,4.739042951,3.740730135
1.21332655,444.5588943,4.684856536,-66.05121053
1.279001557,433.6233155,2.606099163,-131.8334044
1.341222754,410.9300418,2.621437925,-71.6455959
1.303888296,396.087048,4.403047321,18.19639587
1.509532687,395.5412959,3.825925732,-57.5561223
1.496997836,383.7705984,0.949757425,133.0053289
1.530504524,402.9103494,2.877954905,-1.37538042
1.465467975,399.6792622,7.339565081,-16.45171662
1.653417834,394.4307979,2.727909638,5.499163183
1.767916653,394.3723423,4.546955009,98.31493856
1.810765874,408.2092373,0.976680915,-9.852554183
1.623510176,404.489071,5.97364383,60.72300774
1.781647012,414.0912257,4.60215386,-128.5848955
1.888140833,393.5093411,2.954594739,17.55296932
1.962127751,393.8774494,2.598109107,3.426153961
1.878534056,392.5010183,5.214268477,-94.66841497
2.047924138,375.7195737,0.853343691,-45.05114609
1.831558249,367.8116604,1.256446409,-89.19367142
1.944979483,349.8069775,6.700789673,-37.3986221
2.082826988,343.718264,2.031385444,70.13783067
2.175002233,351.5515391,1.248157091,67.9453501
2.061108978,361.2581261,3.788497054,27.29324421
2.040557758,362.2345464,1.533341346,-87.768112
2.01487166,347.0048971,5.015504885,-125.3811194
2.126267274,326.9353917,2.240287555,11.78014434
2.289399448,326.4075674,2.087413403,-32.94124294
2.21416056,321.4933109,6.955629508,118.1546964
2.490558294,337.6440696,4.467249472,9.297468796
2.619202295,337.0723372,0.604020172,132.749806
2.431749996,357.8613438,4.511202328,81.04361656
2.57252032,368.126014,4.430901522,104.8153533
2.546988344,384.1432275,4.5893708,58.0138453
2.504717255,391.9564898,1.539734159,-19.87479632
2.422551145,390.9823855,5.357230464,-109.8278575
2.601272906,371.9924578,3.577236664,-92.72163306
2.629926062,356.7132241,4.048850405,88.62108046
2.585721913,368.4233287,1.130747143,83.35243742
2.441308899,379.4736669,4.455884478,24.81881079
2.583066806,382.8219883,1.886704601,-17.74493049
2.335442931,380.1788825,2.571326336,-128.4562114
2.435041578,357.9368609,0.714793883,-13.02638988
2.377346767,355.0569757,5.714048539,15.91539189
2.498799739,355.1958249,3.195795197,-92.20200806
2.419185166,339.8272366,6.367829245,27.51439038
2.747797453,342.5376773,5.979003728,96.80811383
2.765200454,356.5808767,4.722140831,78.07239994
2.791532022,366.7083024,4.810158132,-133.0096798
2.887962903,345.6320181,5.753252273,-89.98830351
3.105467191,330.0386648,3.709599444,3.645196884
3.0676242,330.1087487,3.888146232,95.66272836
3.176853806,342.160081,1.723697264,-134.8236566
3.149909566,319.9228187,6.441348503,67.4096102
3.198038607,329.5539471,3.696882747,-23.08377767
3.142359501,325.0012207,1.317106577,-44.81135553
3.220891016,318.9556695,1.162613285,59.953025
3.145379012,327.2258637,1.039597831,-81.68049032
2.85181566,313.2176498,4.51643362,-57.26901702
3.100512906,304.0265475,5.090087199,84.32454779
3.116122845,317.1359392,2.958494521,-112.9332377
3.152897292,298.9502916,6.193212586,79.1296503
3,300,1.761887822,-133.4791103
3.032569917,279.7940303,3.742529685,62.481652
3.134782297,291.0319762,3.441425232,-4.048028611
3.132174782,290.3661398,0.589465702,-3.507887136
3.036854348,290.4316849,7.092646566,97.44308818
3.101209527,306.8502533,5.609751292,-108.6844332
3.268835007,290.109112,6.757329192,99.20952101
3.51870204,305.771747,1.655606323,36.75945123
3.386261256,310.3923434,0.64338529,-106.4618783
3.257792708,294.8031387,2.714571181,-95.02436686
3.300378052,279.3449357,5.812857117,88.4098287
3.347794659,294.1266402,2.912371437,-50.33367156
3.30639941,287.8953543,1.281628624,-115.5685805
3.33819323,271.4473246,5.48908155,27.65094562
3.368828533,275.9882009,0.889715757,-5.611866655
3.19757429,276.5641892,3.311735364,96.66084038
3.158419991,292.1842352,5.524944255,28.35112761
3.370045455,296.7368756,4.366686751,124.750676
3.384564994,317.6195395,7.406713313,-44.98498981
3.546488758,308.3231426,2.179122753,82.34327158
3.642543785,322.0145375,0.945805015,-37.60676884
3.501315634,315.5741532,0.990159618,-50.17564094
3.237469584,306.483767,0.992678166,-58.26009712
3.182279426,298.1628887,6.030707864,112.6112092
3.355429758,315.0747339,6.048349696,17.1718653
3.40212203,317.9359282,4.812128696,-38.47679691
3.445757816,312.0155691,1.68172109,-17.71085318
3.435203312,308.6593287,5.629777354,-121.4201142
3.516117191,289.2116794,0.645130852,75.15224668
3.422521833,301.6908396,2.599664066,55.87896976
3.448970559,310.2554992,5.642674046,120.2512949
3.558703067,328.6093122,3.30229903,-39.32280083
3.537657207,321.1794005,6.145967536,73.46975492
3.546896629,330.9086337,5.068303179,86.37961079
3.720931733,344.3905356,4.995504011,127.0678026
3.716405383,364.0719028,2.83712095,66.18128942
3.465402922,374.6729388,7.14883314,-46.00996086
3.680792419,369.5436314,4.781423977,-37.31384532
3.644645848,364.5664241,3.73078204,-118.0550114
3.574265919,345.2843204,0.635403536,72.12485787
3.345427795,355.3220707,3.669314151,34.12056041
3.368366932,360.0701375,5.679660625,-22.59349342
3.560147646,354.8430459,3.073323375,-91.93644886
3.483975868,340.7707647,6.057106846,92.51039867
3.532419738,354.9981931,5.639490911,104.2485028
3.632915848,371.0588834,5.036395094,54.46283068
3.609191861,379.6041395,1.851126562,74.34229343
3.286176988,396.1164364,2.83858026,-17.23355525
3.020674267,398.6826578,2.732091678,18.969354
2.762352614,407.3029457,5.11084646,20.98848531
2.686231435,421.1853935,2.727310358,-78.33240202
2.396407546,417.0208529,6.414569716,-54.95425779
2.496607681,412.7188963,3.567544696,-113.4959572
2.35632024,396.7605865,2.606854189,-115.0847853
2.299159402,379.5720291,2.905993149,58.13917625
2.263082121,387.6109019,7.31777779,34.78468058
2.436895573,391.5530063,2.385124781,43.53022742
2.230249605,399.8850808,4.888984734,90.45895976
2.284008711,415.7220491,4.235857873,114.2004716
2.097246836,442.3747587,3.408525685,-59.43204101
1.828222394,443.1383433,4.133054191,117.3472978
1.579669459,475.3156315,5.567378838,-1.690833154
1.183402566,490.3746924,3.982474469,41.31172505
0.934409441,510.7169378,3.634398123,14.06652083
0.759575211,520.3219743,7.298226425,120.1149315
0.65611454,545.3780362,6.384798013,-103.5977135
0.616704953,534.1972873,4.395647741,-37.10355546
0.517395305,528.9807776,6.88256839,-51.75579495
0.71064163,521.0911901,7.015361457,-72.68164436
0.633926769,512.4674543,3.442735424,127.7674123
0.517412759,533.4868437,4.668406833,120.0412934
0.491559782,555.2565654,4.271952043,-75.54532099
0.514843519,542.8176691,5.490740442,5.992636978
0.624811549,540.9815837,4.03831218,-100.9765322
0.479901746,522.8708496,1.514436233,119.3347635
0.345045508,537.7767783,7.192407848,129.4252594
0.506149555,558.1929153,3.004524689,-126.1471753
0.527179399,535.7115714,4.37749091,65.64152519
0.514678675,542.7075306,5.036325312,-124.1853296
0.450168644,521.6503209,2.130179828,57.19007642
0.450923426,525.497414,0.885593825,96.24916802
0.434857297,535.4634113,7.423568131,-70.05566047
0.648134051,520.4838417,0.878807131,133.2481519
0.444990985,538.631601,5.870513992,-12.72283432
0.478081678,533.2547006,3.847796482,115.4175104
0.405989971,549.802897,2.990810559,-124.1167242
0.379214371,526.4350181,4.797792305,-52.07090437
0.522921357,514.2742757,5.270913301,124.4305738
0.623431502,532.5669426,3.024059149,-70.27829653
0.454486906,519.4831007,0.870663077,92.12776835
0.467846085,530.0057413,1.048658654,125.6043101
0.46290031,542.5611374,5.443033395,114.3146888
0.500435769,554.6509644,6.201086096,-85.91066997
0.465056556,540.3144171,1.731324372,128.1632802
0.337244479,558.1249336,2.537265831,80.7259859
0.421633846,565.1365988,1.695531035,-55.80827383
0.379297371,548.0359584,5.214431006,-69.88342719
0.385155694,532.1873904,5.763070184,105.3489148
0.436517289,546.308554,2.742607148,-55.91448326
0.505277634,534.0122316,0.694128625,-21.48334209
0.415488075,525.0735094,0.958126079,20.73776383
3,325,1.579139897,66.68047659
2.922617763,335.860538,2.343205106,9.372054467
3.027758408,336.2408065,0.602024737,116.3186227
2.899504621,351.9485369,6.805003979,-129.6051694
3.130741956,331.0856229,7.198645354,-100.7751966
3.298292752,315.0544506,2.486798471,29.46755357
3.173035404,317.9193377,7.109575952,97.98210259
3.308793134,333.2349705,0.515814635,5.896119144
3.254747125,333.1789924,4.364263433,-4.061829863
3.239083029,331.6342334,5.876939078,-94.24535389
3.435926878,315.3728604,5.851923152,-133.1084001
3.451667453,294.5711547,1.446471249,-106.590837
3.469440666,279.5506243,2.669283091,47.62573859
3.439547858,287.2906924,3.798608448,87.82453426
3.440581934,301.0015737,2.527107485,64.75722118
3.470164527,312.1412856,5.418356487,-47.89737154
3.520502516,304.0377273,2.842532704,132.7939215
3.420052272,324.4072366,4.872074782,125.0871002
3.612873143,342.2036186,5.872329554,90.28035534
3.679295606,356.3419261,3.346482113,-13.52544235
3.483090066,352.4711887,3.304421392,137.5383889
3.554860572,374.6372296,1.742949232,128.49915
3.235411267,397.7984922,3.434751892,-21.09654431
3.116212195,401.7068583,3.742042088,-35.07690591
2.969022907,400.6747224,3.758556701,-129.1199377
2.890493732,383.3552788,1.089908688,64.58908798
2.602330495,394.2000489,4.953399957,-131.1367358
2.616519231,373.2602927,2.601190419,-77.54097264
2.655339163,360.3241607,0.885139953,6.457242399
2.511285115,358.8489186,3.414587601,-125.4948018
2.481389911,339.0885595,4.506831609,84.31018749
2.554011794,349.6397226,1.295212037,-61.91188983
2.622878529,338.4897091,4.991746642,-2.017415318
2.632677372,337.4817753,4.04589253,-10.71103973
2.704989278,334.870477,6.763201517,29.38269489
2.945688255,337.0257291,4.723489222,-15.59115231
2.981004916,334.7331261,3.860327483,107.9020995
3.021193841,348.8671679,1.959503419,123.4948605
2.929723661,367.0882159,1.014290308,26.43124007
2.815155129,371.8318944,0.718057496,45.90484604
2.611542403,377.4638928,4.961698466,100.6847754
2.770106518,393.8527502,7.091463986,-15.10359748
2.865296719,393.2238411,5.189703427,117.8696482
2.636793931,415.962028,4.835964267,-49.28174486
2.45565239,416.3505915,2.736334177,-57.92870324
2.388374145,413.397923,7.201921966,-26.1226846
2.433380185,414.3331293,7.125890757,99.21960761
2.37865256,437.773579,5.322493662,-137.9755753
2.220974634,428.0258996,6.800724498,116.6291402
2.032688031,458.4438426,0.541365491,39.70171107
1.353718391,483.4314958,3.196518862,26.59497276
1.04950871,501.5569031,4.775649389,27.67199899
0.814182782,515.9239742,2.685987978,-119.4795443
0.745690341,498.0542705,6.10513964,114.2872453
0.767994098,515.7945694,1.862722403,-80.38677342
0.668560331,503.3540803,3.142085477,-26.98688822
0.549361237,494.9175851,6.696243861,-82.73491124
0.686091657,479.6152892,3.433103792,41.09977366
0.692019285,483.0240243,4.08150067,-46.15764661
0.804715374,474.2586518,5.949314037,-101.2680263
0.968364043,457.4035711,1.841975406,-27.05857219
0.850386258,450.1077057,6.007911257,-68.38661827
1.163847777,435.1355146,1.266397949,119.6322358
0.97097922,452.1346017,1.384710986,29.16816632
0.981501065,454.6754889,2.530853556,35.14705612
0.979329389,457.3806404,5.116331677,-120.0760758
1.010767181,435.3056806,2.988100474,-45.90998215
1.024373647,424.6685776,1.742544571,-136.6657499
1.024590741,400.3156402,0.573068815,27.07189234
1.1052856,400.2835779,1.092469642,-51.20327162
0.968048585,389.0160048,7.280328303,103.7729392
1.351596539,400.6026625,6.889487959,-91.69493485
1.536354106,383.9308211,2.717655305,-71.72771804
1.654942001,369.5569288,3.936684789,12.20650363
1.756952676,369.2793632,3.33818071,67.33620349
1.686081714,377.6839834,5.00613111,44.26204541
1.878257315,381.3146392,1.544565797,68.49550265
1.86931494,389.6676049,4.990133169,-56.04694081
1.88475025,380.5236209,3.130795267,135.7299734
1.934605043,399.4440912,2.912164582,-43.4875033
1.969988972,390.2664209,4.795574181,32.88686728
1.954971968,394.5309323,0.593473955,20.67577799
1.957803298,396.2417787,5.943756165,124.9672536
2.008218924,416.3323123,5.420875212,-106.609527
2.06120673,400.0500097,2.226210347,-22.51703494
2.015413223,397.130441,4.924220827,-112.369383
2.099020852,377.7141861,3.232164466,-49.45345186
2.136189699,366.644485,7.299277057,130.3284492
2.373650706,386.8828652,5.703925778,4.913693459
2.345301743,386.8344686,1.651359693,124.828224
2.22305997,406.0031689,6.952781683,106.2696475
2.363261332,428.0184341,0.8572702,76.37228817
1.901945786,450.3593308,1.241266067,112.609972
1.437271188,485.6139574,4.615205393,135.5804991
0.926391033,525.4709322,3.500629496,36.06944148
0.564589639,543.753967,5.93396934,-66.71736985
0.68724829,535.3209562,4.972391485,90.77777814
0.597019188,551.1397182,4.149136808,-20.97635199
0.577072339,548.1311088,4.217021265,123.8828218
0.371678797,566.4279876,7.494915635,47.47877848
0.537559636,574.4135213,6.027032959,133.7743315
3,350,5.943916874,-72.90522249
3.158507111,339.0005268,6.269949729,129.3747876
3.281066396,357.3405529,7.308207797,-12.93076564
3.440342373,354.2017868,4.763297239,76.53514907
3.53392601,367.1957733,4.991293413,61.67173536
3.467094976,377.9834225,0.745255669,-55.98626257
3.239349209,369.5283359,0.909587443,99.1836031
3.054637758,384.8700124,3.109978195,49.95776832
2.858789903,396.5834899,2.293959645,-42.33855473
2.78805949,391.5950346,0.565889391,-39.35173017
2.610097748,387.3176413,7.143659272,-78.36139262
2.723565736,373.8975215,2.735739565,116.0478943
2.707527343,393.1722471,0.723325665,-120.8098605
2.431896153,372.7426033,4.908802994,103.8370759
2.468306004,389.4651371,0.561010126,68.49368242
2.350968832,399.8987519,6.189888197,-117.8562744
2.496368529,381.7974668,5.095187342,2.572833562
2.502589972,381.0307282,3.85918374,126.5483837
2.564457722,402.8305794,0.500084235,-70.28369979
2.333209966,392.451994,5.485628745,-48.72721229
2.40465158,383.7510072,2.438974495,54.29040783
2.26962369,391.6016878,6.929862237,-70.97897729
2.38349621,379.664034,3.706600721,-68.61314915
2.584326614,367.1919724,3.15533304,29.03856583
2.474449506,370.7978114,5.906651318,-120.0229272
2.611246877,350.8733945,5.302595554,13.40558368
2.739933876,350.6650147,1.465902369,-111.457448
2.664189532,332.1954782,2.218913737,-96.7259348
2.650649431,316.3754531,6.981961356,50.029175
2.829277286,322.8685903,2.163612453,19.13479391
2.89119276,325.9321369,4.39642436,-118.6841176
2.927013095,307.6518427,6.377959573,-26.30014302
3.163654223,301.7853784,1.514096923,-85.85554613
3.067412756,289.6552311,3.934480959,58.89566423
3.011484714,299.2877375,7.394569204,104.1073699
3.226431155,314.1214095,3.993291787,-109.2277882
3.404611901,297.1919874,6.892489649,-37.5233472
3.470517431,292.1201424,2.086115138,103.4533034
3.51536788,309.026421,1.454508462,-73.22773915
3.290413505,296.7298082,4.667794717,17.75628172
3.410617843,300.809472,7.212543124,-12.98907514
3.642624939,298.3298512,1.402706522,72.379916
3.422528835,309.2518964,1.911438526,-90.0750452
3.476746151,295.0459122,3.559826089,-44.37200276
3.516136312,289.1912978,7.27077176,-99.15943096
3.692731901,275.6455551,6.41190973,47.05726487
3.668302099,283.0455152,1.265134357,-114.3740258
3.649523633,267.1480434,7.265234289,-84.91737201
3.810524181,256.238773,1.07330042,-64.05981199
3.703246953,248.3584907,5.050913626,12.9936803
3.757017965,253.3150525,5.377073907,128.6383652
3.942028403,274.8124677,2.444050708,-73.99265541
3.708656518,263.4435109,6.419704381,-76.60765318
3.919821376,254.3163381,5.322344097,-96.25149743
3.930775619,242.9429363,1.925186953,-120.1114281
3.921246436,227.6444139,5.746399868,-88.86684172
4.034123902,216.1094674,1.369824972,-76.44243003
3.863546267,208.8614808,2.456216876,-129.493974
3.794395932,195.0106762,2.280794295,46.90408887
3.79437254,206.8700333,5.819433564,-76.10711324
3.866096396,199.0903713,4.782947125,114.5155881
3.98792143,222.2352171,4.291274398,-35.0152557
4.006780315,220.7230267,0.592404379,91.47714469
3.752523772,238.8337344,6.215930694,-116.7444211
3.803810369,223.4828791,1.701727084,93.93029424
3.730109296,241.4366358,4.449121952,-41.72716623
3.773305925,238.6303593,1.51502074,-111.5224878
3.800331568,225.1244954,4.421269928,58.3516408
3.707832213,236.9505906,7.156097228,68.90315333
4.01059102,249.6113438,3.105722087,71.7992573
3.815321661,264.161134,0.997514587,33.84593853
3.766840835,270.5664867,5.544998214,-127.2753938
3.909946187,253.8966032,3.266692728,-94.07255657
3.843428938,241.2458444,2.432581595,-75.97130516
3.74458031,231.5206356,2.632787512,-101.0462911
3.789685858,220.0297215,5.359750403,-124.2038427
3.791735861,205.3076155,4.570068106,-88.96441583
3.81113897,197.2783297,4.046839454,-60.68921684
3.773222401,192.8015212,3.090538144,1.258031483
3.766597594,197.3324513,1.356318479,-102.5932863
3.700343928,187.1816242,6.410899795,-29.94485052
3.821207403,188.8805527,1.686937351,83.66085903
3.706741168,207.0156852,6.87090041,91.54930651
3.964011926,225.1789229,5.498356482,-111.2867717
3.899823149,211.4493935,6.893108708,21.66093122
4.18339332,219.9718531,6.801928162,17.65838249
4.168442695,226.1184037,0.568918086,137.2887229
4.175989416,249.8360694,1.426784855,53.51007588
3.961734485,261.3699524,2.840017767,-88.83229666
3.87043578,249.3104406,1.484183656,47.01317338
3.868810795,259.9927927,2.62697991,31.57070639
3.683896107,265.6256329,7.049195697,-82.52642524
3.825686527,255.4019896,1.337271023,-29.94704048
3.840044654,253.6674926,5.361774586,123.6019635
3.802887034,273.721419,1.643677461,-11.4685271
3.790119313,273.2124848,2.452044859,-82.05554157
3.636675646,263.3879748,2.65835221,82.11377613
3.753976965,277.0405359,1.149922223,102.5053355
3.494248582,294.2806903,6.336007668,50.49821326
3.751920458,300.9410721,2.570699802,-92.74450835
3.579663519,288.644983,6.932589034,-119.0485835
3,375,4.097603406,75.8791872
3.042558296,389.5264153,6.5929938,-136.6536363
3.199393273,368.4990307,2.668151479,127.11216
3.034053441,389.8231004,4.091816986,-50.47655268
2.897643346,381.9989617,4.274399562,-77.42918885
3.018626369,371.499734,6.145369505,-43.81816306
3.057263903,363.8026675,4.272221943,-137.2572928
3.016135914,341.77122,5.212067347,-80.54882251
3.19889303,327.754716,7.02790315,-34.93201683
3.341792884,321.4624842,5.766932455,73.09417303
3.499943348,332.4360071,6.593496187,-108.3024591
3.579920847,313.6433669,2.600643863,-6.970621127
3.510100698,311.7855221,5.210557034,-67.33544069
3.614300616,301.5126639,5.408059238,43.61113109
3.806199546,308.3217861,1.774054304,-49.42695039
3.623555316,301.5904283,6.712762198,-115.7363534
3.812289179,282.9879237,5.725948841,-121.5694406
4.010336544,265.1610912,5.620367886,67.36427067
3.947790534,278.6524879,3.355410694,136.4952884
3.989850416,299.0775868,3.664961091,-86.14485602
3.953612901,286.1763083,2.961385305,59.66991211
3.904197645,296.0209833,3.002047543,-124.5504116
3.892356726,278.6425832,2.71143303,138.5568476
3.788121207,301.0676939,2.515333996,-10.61225879
3.722715552,299.6203798,5.646876777,123.2441628
3.812474885,318.6582323,1.727818499,-79.88295753
3.730381306,304.6579958,1.427343291,-80.92189752
3.603845079,293.2417619,7.469815612,-70.37616343
3.869707018,281.7356975,1.27037211,0.644510681
3.787264087,283.9813895,3.692852707,65.13617992
3.638384762,293.3051422,4.846604789,33.63062122
3.776464883,300.7243349,1.551208439,10.63181918
3.586584455,302.1141393,1.342430705,-96.38180715
3.463246364,287.2002888,3.651249898,-19.70212735
3.58601207,284.0074719,5.635634566,-118.4523567
3.574824939,266.7433599,2.451500808,-92.97395894
3.609795084,255.4918773,4.056616969,22.01421081
3.682775394,261.4781332,4.970255498,-79.43731071
3.673224547,250.0555588,3.423043539,-9.218283904
3.763366196,250.5810087,1.081484509,19.5202538
3.560599645,257.6967975,2.099622939,-128.963977
3.506988924,239.3448242,7.251704948,-118.1500243
3.65945951,225.3647087,5.613361686,0.730534395
3.796640087,229.1351675,1.148275844,6.652598965
3.666467245,233.3809645,3.53952573,13.33789182
3.747415942,237.6978278,7.045048778,137.513984
3.755318902,262.0325954,5.136226516,-40.51937211
3.947609056,257.4356806,3.574099098,76.53219405
3.812399447,272.3618631,4.900834332,-111.6691975
3.99861616,257.0349166,5.061102421,130.1711238
4.017483868,278.3938149,2.158663769,-29.79896154
3.925142759,274.9518814,1.078656503,89.87522954
3.788694939,289.0467288,2.526474127,-93.33387346
3.783905418,275.3484428,1.641945352,-61.67675694
3.641714922,267.9189537,0.54943766,69.09878265
3.499934021,280.5959067,6.476704258,118.2506851
3.63494373,299.6986947,2.615014383,-7.186011292
3.640068116,298.694255,5.682208275,41.84367634
3.79016876,304.3917114,2.373324057,-30.75798002
3.63580765,299.9174669,6.836686153,64.1228292
3.854510838,309.876293,1.033722948,-81.58937592
3.660249017,296.8306502,6.718228699,-24.24858668
3.883079828,294.1509808,1.931576989,-42.51906802
3.661543479,288.0751166,3.385392452,70.91236907
3.743092532,299.3814202,1.43158836,98.56142978
3.576323713,314.2226826,3.158657233,-6.422777178
3.537529953,312.180176,1.411075879,-63.2785116
3.452089559,303.9729278,7.120865802,-7.12346538
3.687299457,301.2983345,1.566986321,14.48528871
3.482832051,304.0877615,4.844684436,96.95183834
3.660236973,318.1451732,3.499981771,127.2463856
3.606451338,338.6369217,1.8698328,4.608137588
3.500260565,338.3636261,3.311159461,-61.43990086
3.556877951,327.3977691,4.728626469,-116.7576713
3.607837207,308.3318685,3.966035355,-7.202226824
3.489056045,307.4139693,5.65063806,-57.37325375
3.680874657,298.653349,2.019622114,-81.78316892
3.566377127,286.2146311,7.374352503,-13.0767509
3.792179165,284.3017379,7.210794785,110.0296087
4.023499088,302.9433222,3.586349257,-25.0105605
3.98110225,299.6646692,5.126749204,120.5503814
3.94699459,317.078737,6.131758826,-7.090194316
4.071702383,315.614847,3.957605299,-67.94583532
4.133099457,305.9054518,4.752459107,-121.3141561
4.136859719,285.8109107,4.500314175,-113.4779964
4.116661793,270.7286278,4.143739046,27.12567064
4.067503635,274.6594067,5.908489584,6.975563935
4.297312257,277.705044,4.974925963,11.21302648
4.254345266,280.6200201,2.359077047,-52.50597872
4.192811687,273.3642966,3.601497896,-34.20921227
4.097067465,270.3318417,4.471228659,-24.20134352
4.25203564,266.9441554,7.173813477,26.85528426
4.295767992,272.8013859,3.818602189,137.6387717
4.275676062,296.0588035,2.077756437,-12.68837669
4.171650206,295.112728,3.539383626,72.37712058
4.271849118,305.7261229,4.500753269,52.23783243
4.123333204,314.1125309,3.383835089,-78.49360959
4.073748355,300.9884664,1.528067223,-68.13754022
4.000654167,291.654867,3.27141197,-119.8766759
3.953218159,273.3787901,6.100235473,-119.7977171
4.202551515,255.9837821,0.76106881,-83.52937309
3,400,6.441723881,-89.19558355
2.996112543,391.3848255,0.8805425,-38.46154583
2.812219528,388.1018467,2.4278065,8.333396471
2.697947876,391.0881976,2.64143241,-54.31268236
2.559919616,381.9234148,1.282188933,-69.4725017
2.416148584,371.5645209,6.923409285,-65.51476823
2.689063655,359.2175377,5.524415812,101.5875176
2.795664247,373.2710938,6.149556376,-80.40262236
2.886224843,360.628163,1.67070122,-125.9149013
2.833354773,339.6685809,0.775956182,-83.26922617
2.747332189,325.1033228,7.489803819,-35.33695329
2.959115553,319.8373787,5.823571918,-7.368210955
3.065043608,317.6286307,4.068007141,123.6217924
3.118217592,336.6142211,1.266126538,-9.696345008
2.993597555,333.5179441,1.490886819,10.65243478
3.011301256,334.1535275,2.592990596,10.48478401
2.8787613,334.99641,5.159392765,-37.6864473
3.132976376,327.932017,4.861130335,39.64580463
3.238842817,332.8385147,3.439872741,-26.87710381
3.126742662,326.7611889,3.232942283,-26.05846806
3.091955584,322.051082,1.057662738,-123.1024539
2.956976436,303.1874058,1.04831636,54.35495175
2.940072499,311.6696452,0.704112726,-0.140994531
2.930006328,309.7349396,1.428440224,-130.3456678
2.753578343,290.1475752,4.976425998,-15.00051578
2.813731252,288.8269563,7.32224645,-47.28724479
3.096493188,282.6260462,1.867973762,51.12395195
3.031928222,290.223557,2.957692001,75.28781528
3.025863603,303.3916289,6.04259651,-15.59039316
3.248330461,300.8969961,2.381798109,-132.2487822
3.100510362,280.5289197,3.09932796,-111.7414313
3.100937598,264.119881,5.59265784,-11.26543831
3.208869533,264.3414065,4.143475324,51.26918269
3.428053048,273.252957,3.477032067,28.74251822
3.419150306,279.607791,6.266943759,-13.36909456
3.511696209,279.1198526,6.715616407,-77.66680158
3.561370012,268.9951475,1.247758562,-135.5527537
3.610955587,248.1790499,6.925589791,37.93506254
3.796349696,258.3505996,2.038334261,13.2090104
3.703764623,262.3752198,6.945597692,104.3516589
3.795459876,279.274099,1.393145085,-54.5406322
3.594937391,271.8770136,2.567076002,19.19584533
3.564727619,277.0935578,5.703937406,-47.21800787
3.792354655,270.184011,4.754966152,4.354265112
3.788486235,273.3283747,6.938605072,-82.95372575
3.937808439,262.1708875,0.511513304,-118.9630104
3.778003554,245.5367556,3.443461476,-0.300730065
3.879175798,247.6200151,4.516261806,105.6592812
3.816223488,266.7410103,1.905039764,-21.89498529
3.673330598,264.2804236,7.025941405,-37.97478136
3.923229946,260.6503498,0.605029094,111.0354002
3.647575784,279.3464898,4.807801168,130.8172517
3.88547866,300.8494988,4.851342339,121.1840253
3.884873468,318.7713411,4.6932777,-100.2003649
3.836150628,302.7505378,5.248623063,12.87195862
3.929451676,305.2044231,0.563310685,76.32507275
3.827678987,316.4197815,1.349971534,4.831706657
3.732549588,317.4635047,5.160266407,73.0313507
3.791952693,327.7192073,7.086152165,-104.4479071
3.975355094,311.9823293,1.969970166,-37.39786353
3.866990638,306.1152431,3.309019498,25.00151906
3.789404131,308.1164563,7.457402909,30.97468957
3.890612106,314.4047753,5.281149456,-112.1635386
3.940672433,295.1694204,3.538151701,-103.0114818
3.967428877,281.5727273,2.007823584,97.24054848
3.936347931,295.8546238,3.089924725,-75.49653955
3.977122116,285.9875742,6.519528559,-9.513673279
3.924214531,285.5079819,5.246818798,-33.92334241
4.175629248,280.6125336,5.515034887,-37.4945065
4.170161794,276.0088134,4.360653106,23.96352978
4.142402285,279.8460694,1.307718441,-94.5734102
3.942019476,266.6206071,5.718067593,-7.682863357
4.211841381,268.3862935,4.911420497,86.67047646
4.065777806,283.0182923,0.962007858,-55.57808231
4.007733029,274.4016689,4.865074375,-1.892350917
4.139064848,275.2968985,6.024538103,94.10832076
4.243042099,291.1731683,5.828936698,-105.1412344
4.235126599,275.3779386,7.288198984,101.058127
4.432904902,292.9341249,1.195033902,-43.70694718
4.3390348,286.4093433,0.752889367,24.12246845
4.009712864,290.1532848,6.08169847,130.3141929
4.135038466,311.1371242,7.279536755,-116.9362579
4.294952989,293.503548,1.793200846,106.5377127
4.114588838,310.7416039,5.711596098,-92.49549477
4.299248163,295.79221,3.569565165,3.515953004
4.233950993,296.0610413,2.021671599,-110.6546111
4.11156861,279.3492675,2.242754448,129.614543
4.099154793,301.6702986,6.252925539,-18.02329846
4.201556336,297.2390507,6.294686353,-125.6841796
4.263753643,279.4477717,5.888972707,129.3337779
4.272534021,300.4118773,0.716111942,25.24889434
4.226392524,304.1998275,5.738350791,-83.769301
4.245376718,292.304309,3.665862153,-68.67527574
4.133534436,281.7092274,6.220795226,125.2391222
4.296391557,301.8854884,2.335733198,-101.8767443
4.259424895,285.5118223,1.675104944,-24.88925736
4.062298107,282.8601666,3.889484864,-98.30799435
4.020531405,269.3042362,5.522874507,-36.15163002
4.11284811,265.2509243,1.60982786,28.62449579
3.993071992,271.7616014,2.684990758,117.2718868
4.06330075,290.6786152,5.884385914,11.34019342
